Area,Location,No. of Bedrooms,Resale
1340,Nizampet,2,0
3498,Hitech City,4,0
1318,Manikonda,2,0
1295,Alwal,3,1
1145,Kukatpally,2,0
1230,Nizampet,2,0
1350,Manikonda,2,0
1400,Gachibowli,3,0
2240,Tellapur,3,0
1520,Gachibowli,2,1
1535,Kokapet,3,0
1150,Hyder Nagar,2,0
1285,Mehdipatnam,2,0
1897,Tellapur,3,1
1725,Narsingi,3,0
1665,Khajaguda Nanakramguda Road,3,1
1592,Kukatpally,3,0
1150,Madhapur,2,0
2240,Tellapur,3,0
1050,Puppalaguda,3,0
1340,Nizampet,2,0
3498,Hitech City,4,0
1318,Manikonda,2,0
1295,Alwal,3,1
1145,Kukatpally,2,0
1230,Nizampet,2,0
1350,Manikonda,2,0
1400,Gachibowli,3,0
2240,Tellapur,3,0
1520,Gachibowli,2,1
1535,Kokapet,3,0
1150,Hyder Nagar,2,0
1285,Mehdipatnam,2,0
1897,Tellapur,3,1
1725,Narsingi,3,0
1665,Khajaguda Nanakramguda Road,3,1
1592,Kukatpally,3,0
1150,Madhapur,2,0
2240,Tellapur,3,0
1050,Puppalaguda,3,0
1735,Puppalaguda,3,0
2800,Narsingi,3,0
1050,Begumpet,2,1
1230,Kukatpally,2,0
1175,Nizampet,2,0
1190,Nizampet,2,0
2956,Banjara Hills,4,1
680,AS Rao Nagar,2,1
1350,Pragathi Nagar Kukatpally,2,0
1970,Miyapur,3,1
1105,Mallampet,2,0
2005,Nanakramguda,3,1
1105,Mallampet,2,0
1406,Attapur,3,0
1545,Alwal,3,0
1495,Nanakramguda,3,0
1300,West Marredpally,3,1
1200,Nizampet,2,0
1450,Hitech City,3,1
1450,Banjara Hills,3,1
1912,Narsingi,3,0
1850,Manikonda,3,0
1300,Puppalaguda,3,0
1674,Kompally,3,1
1242,Sri Nagar Colony,3,1
850,Hakimpet,2,1
1895,Pocharam,3,1
1636,Nagole,3,0
1076,LB Nagar,2,1
1080,Meerpet,2,1
2100,Kachiguda,3,1
1265,Manikonda,2,0
1300,Masab Tank,3,0
1089,Miyapur,2,0
1400,Kondapur,2,0
850,Saroornagar,2,0
1100,Nizampet,2,0
1700,Uppal Kalan,3,1
2150,Tellapur,3,0
1195,Mallapur,2,1
1105,Miyapur,2,0
1205,Manikonda,2,0
1250,Rajendra Nagar,3,0
1340,Puppalaguda,2,0
950,Beeramguda,2,0
1100,Moosapet,2,0
1908,Kondapur,3,0
1675,Bachupally,3,0
1420,Toli Chowki,3,0
1535,Kokapet,3,0
910,Nanakramguda,2,0
1325,Lakdikapul,3,1
1717,Tarnaka,3,0
2400,West Marredpally,3,1
1150,Kondapur,2,0
1000,Toli Chowki,3,0
1200,Kistareddypet,2,0
1040,Pragathi Nagar Kukatpally,2,0
1181,Hafeezpet,2,0
2100,Kompally,3,0
1550,Shaikpet,3,0
1280,Amberpet,3,0
1945,Kokapet,3,0
3500,Hitech City,4,1
1000,Nagole,2,1
1200,Miyapur,2,1
2729,Gachibowli,4,0
1500,AS Rao Nagar,3,0
2165,Banjara Hills,3,0
1050,Kapra,2,1
1150,Bachupally,2,0
1822,West Marredpally,3,1
1270,Puppalaguda,1,0
1300,Trimalgherry,1,1
1600,Habsiguda,3,1
1818,Sanath Nagar,3,1
1282,Darga Khaliz Khan,2,0
1830,Manikonda,3,0
1815,Kokapet,3,0
1400,Puppalaguda,1,0
1220,Nizampet,2,0
1650,Nizampet,3,0
1680,Nizampet,3,0
1555,Nizampet,3,0
1685,Nizampet,3,0
1520,Nizampet,3,0
1225,Nizampet,2,0
1795,Nizampet,3,0
1435,Nizampet,2,0
1430,Nizampet,2,0
1265,Nizampet,2,0
2080,Manikonda,3,0
2092,Manikonda,3,0
1370,Manikonda,2,0
2232,Manikonda,3,0
2063,Manikonda,3,0
1400,Manikonda,2,0
1865,Manikonda,3,0
2270,Manikonda,3,0
1896,Manikonda,3,0
3031,Hitech City,4,0
1702,Manikonda,3,0
1350,Manikonda,2,0
1525,Manikonda,3,0
1225,Manikonda,2,0
1728,Manikonda,3,0
1725,Manikonda,3,0
1300,Manikonda,2,0
1600,Manikonda,3,0
1200,Manikonda,2,0
1640,Kothaguda,3,1
1830,Kompally,3,0
1835,Kompally,3,0
1570,Tellapur,3,0
1570,Tellapur,3,0
2240,Tellapur,3,0
2240,Tellapur,3,0
1895,Sanath Nagar,3,0
1600,Manikonda,3,1
1140,Kukatpally,2,0
1150,Kukatpally,2,0
1530,Kukatpally,3,0
1230,Nizampet,2,0
1300,Manikonda,2,0
1050,Gachibowli,2,0
1665,Gachibowli,3,0
1250,Gachibowli,2,0
1250,Gachibowli,2,0
1900,Gachibowli,3,0
1900,Gachibowli,3,0
1815,Gachibowli,2,0
1250,Gachibowli,2,0
1530,Moosapet,3,0
1530,Balanagar,3,0
1535,Kokapet,3,0
3380,Kokapet,4,0
3380,Kokapet,4,0
1875,Kokapet,3,0
1875,Kokapet,3,0
2540,Kokapet,3,0
2540,Kokapet,3,0
2630,Kokapet,4,0
2630,Kokapet,4,0
4500,Jubilee Hills,4,1
3380,Kokapet,4,1
2700,Manikonda,3,0
1792,Tellapur,3,1
1673,Tellapur,3,1
1665,Narsingi,3,0
1640,Narsingi,3,0
1640,Narsingi,3,0
1665,raidurgam,3,1
2200,Banjara Hills,3,1
1170,Pragathi Nagar Kukatpally,2,0
1170,Pragathi Nagar Kukatpally,2,0
1600,Banjara Hills,4,1
1644,Miyapur,3,0
1644,Miyapur,3,0
1687,Miyapur,3,0
1650,Miyapur,3,0
1554,Miyapur,3,0
1684,Miyapur,3,0
1650,Miyapur,3,0
970,Murad Nagar,2,0
970,Murad Nagar,2,0
2240,Tellapur,3,1
1050,Puppalaguda,3,0
2240,Tellapur,3,0
2240,Tellapur,3,0
1190,Nizampet,2,0
1100,Nizampet,2,0
1600,Chandanagar,3,0
1190,Nizampet,2,0
1100,Nizampet,2,0
1150,Hitech City,2,0
1415,Manikonda,3,0
1980,Banjara Hills,3,0
1100,Nizampet,2,0
1190,Nizampet,2,0
1100,Nizampet,2,0
1600,Chandanagar,3,0
1190,Nizampet,2,0
1100,Nizampet,2,0
1150,Hitech City,2,0
1200,Chandanagar,2,0
1100,Nizampet,2,0
1190,Nizampet,2,0
1190,Nizampet,2,0
1190,Nizampet,2,0
1100,Nizampet,2,0
1190,Nizampet,2,0
1190,Nizampet,2,0
1190,Nizampet,2,0
1905,Kukatpally,3,0
1925,Kukatpally,3,0
1482,Uppal Kalan,3,0
1100,Nizampet,2,0
1800,East Marredpally,3,0
1800,East Marredpally,3,0
1105,Mallampet,2,0
1105,Mallampet,2,0
1105,Mallampet,2,0
1980,Banjara Hills,3,0
1150,Hitech City,2,0
1415,Manikonda,3,0
1730,Kukatpally,3,0
1100,Aminpur,2,0
1100,Aminpur,2,0
1100,Aminpur,2,0
1100,Aminpur,2,0
1100,Aminpur,2,0
1100,Aminpur,2,0
1100,Aminpur,2,0
1100,Aminpur,2,0
1100,Aminpur,2,0
1100,Aminpur,2,0
1105,Mallampet,2,0
1100,Aminpur,2,0
1105,Mallampet,2,0
1105,Mallampet,2,0
1105,Mallampet,2,0
1105,Mallampet,2,0
1105,Mallampet,2,0
1165,Kondapur,2,0
1100,Aminpur,2,0
1535,Kondapur,3,0
1110,Aminpur,2,0
1105,Mallampet,2,0
2240,Tellapur,3,0
1278,Manikonda,2,0
1406,Attapur,3,0
1190,Mallapur,2,0
1215,Pragathi Nagar Kukatpally,2,0
1105,Mallampet,2,0
1150,Hitech City,2,0
1105,Mallampet,2,0
1105,Mallampet,2,0
1770,Kondapur,3,0
1210,Alwal,2,0
1010,Gajularamaram,2,0
1620,Serilingampally,3,0
1555,Gajularamaram,3,0
1190,Kukatpally,2,0
1730,Kukatpally,3,0
1165,Kondapur,2,0
1670,East Marredpally,3,0
1350,Hitech City,3,1
4780,Sri Nagar Colony,4,1
1836,Serilingampally,3,0
1970,West Marredpally,3,1
1970,West Marredpally,3,1
2000,Kukatpally,3,0
2000,Kukatpally,3,0
2000,Kukatpally,3,0
2000,Kukatpally,3,0
2000,Kukatpally,3,0
2000,Kukatpally,3,0
1210,Kondapur,2,0
1535,Kondapur,3,0
1315,Kondapur,2,0
680,AS Rao Nagar,1,0
1200,Malkajgiri,2,0
1200,Malkajgiri,2,0
1200,Malkajgiri,2,0
1200,Malkajgiri,2,0
1200,Malkajgiri,2,0
1200,Malkajgiri,2,0
1200,Malkajgiri,2,0
1200,Malkajgiri,2,0
1200,Malkajgiri,2,0
1200,Malkajgiri,2,0
1735,Kokapet,3,0
2500,Jubilee Hills,3,1
3959,Kondapur,4,1
1889,Narsingi,3,0
4500,Kondapur,4,1
2500,Jubilee Hills,3,1
1220,Alwal,2,0
1920,Miyapur,3,0
2700,West Marredpally,4,1
1300,Mettuguda,3,1
2100,Banjara Hills,3,1
1920,Miyapur,3,0
1925,Miyapur,3,0
1885,Kondapur,2,0
1010,Gajularamaram,2,0
1695,Kukatpally,3,0
1090,Kukatpally,2,0
3100,Jubilee Hills,3,0
2200,Jubilee Hills,3,0
1521,Kondapur,3,0
2490,Kokapet,3,1
1675,Narsingi,3,0
1675,Narsingi,3,0
1260,Nizampet,2,0
1105,Nizampet,2,0
1675,Narsingi,3,0
1675,Narsingi,3,0
1675,Narsingi,3,0
1675,Narsingi,3,0
1200,Nizampet,2,0
1200,Nizampet,2,0
1200,Nizampet,2,0
1200,Nizampet,2,0
1200,Nizampet,2,0
900,Begumpet,2,1
1710,Malkajgiri,3,1
1242,Sri Nagar Colony,3,1
1705,Malkajgiri,3,1
1050,Malkajgiri,2,1
1225,Mehdipatnam,3,0
1555,Gajularamaram,3,0
1675,Venkat Nagar Colony,3,0
1695,Kukatpally,3,0
1945,Kokapet,3,0
1000,Nizampet,2,0
1150,Hitech City,2,0
1330,Kondakal,3,0
2250,Kondapur,3,1
2240,Tellapur,3,0
4500,Banjara Hills,4,0
4500,Banjara Hills,4,0
4500,Banjara Hills,4,0
800,Gajularamaram,2,0
800,Gajularamaram,2,0
800,Gajularamaram,2,0
800,Gajularamaram,2,0
1150,Chandanagar,2,0
1840,Nanakramguda,3,0
1560,Gopanpally,3,0
1300,Serilingampally,2,0
3200,Somajiguda,4,1
2950,Banjara Hills,3,1
2950,Banjara Hills,3,1
1699,Gachibowli,4,0
1254,Nagole,2,0
1710,Nagole,3,0
4067,Kukatpally,4,1
1320,Uppal Kalan,2,1
1605,Puppalaguda,3,0
2120,Madhapur,3,1
1860,Nallagandla Gachibowli,3,0
1860,Nallagandla Gachibowli,3,0
1050,Krishna Reddy Pet,2,0
1550,Miyapur,3,0
3090,Hitech City,4,0
6718,Gachibowli,5,0
1195,Kondapur,2,0
1230,AS Rao Nagar,3,1
2956,Banjara Hills,4,1
2956,Banjara Hills,4,1
1076,LB Nagar,2,1
842,Bolarum,2,0
1200,Miyapur,2,1
4500,Jubilee Hills,4,1
4500,Jubilee Hills,4,1
3600,Jubilee Hills,4,1
3600,Jubilee Hills,4,1
3500,Banjara Hills,3,0
3500,Banjara Hills,3,0
1150,Madhapur,2,0
1150,Hitech City,2,0
1150,Hitech City,2,0
1245,Nanakramguda,2,0
1600,Nanakramguda,3,0
2270,Nanakramguda,3,0
1200,Manikonda,2,1
1418,Puppalaguda,3,0
1920,Miyapur,3,0
1925,Miyapur,3,0
1905,Miyapur,3,0
850,Gachibowli,2,1
1940,Nizampet,3,0
1150,Hitech City,2,0
1730,Kukatpally,3,0
1730,Kukatpally,3,0
1050,Mehdipatnam,2,1
1050,Mehdipatnam,2,1
1908,Kondapur,3,0
1090,Kukatpally,2,0
1905,Bachupally,3,0
1675,Bachupally,3,0
1615,Bachupally,3,0
1160,Bachupally,2,0
1800,Bachupally,3,0
1200,Bachupally,2,0
908,Mallapur,2,0
1100,Kukatpally,2,0
1380,Mehdipatnam,2,0
970,Hitech City,2,0
1160,Mallapur,2,0
840,Masab Tank,2,0
1100,Zamistanpur,2,0
931,Madhura Nagar,2,0
1670,Jubilee Hills,3,0
2000,Kukatpally,3,0
2000,Kukatpally,3,1
1554,Miyapur,3,0
1650,Miyapur,3,0
1554,Miyapur,3,0
1900,Jubilee Hills,3,0
1900,Jubilee Hills,3,0
1900,Jubilee Hills,3,0
1900,Jubilee Hills,3,0
1740,Kukatpally,3,0
3145,Madhapur,3,1
963,Beeramguda,2,1
909,Ghansi Bazaar,3,0
850,Chintalakunta,2,0
950,Chinthal Basthi,2,0
1730,Kukatpally,3,0
1555,Gajularamaram,3,0
1180,Gajularamaram,2,0
1675,Kukatpally,3,0
845,Nallakunta,2,0
1100,Bowenpally,2,0
1905,Nallakunta,3,0
1460,Nallakunta,3,0
1460,Nallakunta,3,0
1175,Malkajgiri,2,1
1360,Kompally,2,0
1220,Kondapur,2,0
1885,Kondapur,3,0
1165,Kondapur,2,0
1295,Jubilee Hills,2,0
1295,Jubilee Hills,2,0
1295,Jubilee Hills,2,0
1295,Jubilee Hills,2,0
1295,Jubilee Hills,2,0
1295,Jubilee Hills,2,0
1670,Jubilee Hills,3,0
1670,Jubilee Hills,3,0
1200,Bandlaguda Jagir,2,0
1200,Bandlaguda Jagir,2,0
1670,Jubilee Hills,3,0
2460,Nanakramguda,3,0
1040,Saroornagar,2,0
1107,Beeramguda,2,0
1050,Begumpet,2,0
1050,Begumpet,2,0
2900,Banjara Hills,3,0
1150,Hitech City,2,0
1040,Saroornagar,2,0
1107,Beeramguda,2,0
850,Beeramguda,2,0
1050,Begumpet,2,0
1050,Begumpet,2,0
1080,Beeramguda,2,0
1080,Beeramguda,2,0
1100,Boduppal,2,0
1100,Boduppal,2,0
1745,Somajiguda,3,1
970,Nagole,2,0
1090,Kukatpally,2,0
1435,Kukatpally,3,0
684,Beeramguda,1,0
1040,Beeramguda,2,0
850,Beeramguda,2,0
1150,Beeramguda,2,0
1605,Neknampur,3,0
850,Beeramguda,2,0
1150,Beeramguda,2,0
1605,Neknampur,3,0
1000,Mallapur,2,0
1090,Kukatpally,2,0
1435,Kukatpally,3,0
1635,Nagole,3,0
1585,Nagole,3,0
1730,Appa Junction Peerancheru,3,0
1665,Appa Junction Peerancheru,3,0
1482,Appa Junction Peerancheru,2,0
1385,Appa Junction Peerancheru,2,0
1000,Ambedkar Nagar,2,0
1035,Gachibowli,2,1
1250,Toli Chowki,2,0
1250,Toli Chowki,2,0
1000,Hafeezpet,2,0
1260,Saroornagar,2,0
950,Beeramguda,2,0
850,Gachibowli,2,1
1260,Nanakramguda,2,1
1050,Saroornagar,2,0
1250,Bachupally,2,0
1908,Kondapur,3,0
1555,Gajularamaram,3,0
1720,Narsingi,3,0
1327,Rajendra Nagar,3,0
1110,Rajendra Nagar,3,0
941,Rajendra Nagar,2,0
1200,Boduppal,2,0
1200,Manikonda,1,0
1390,Vanasthalipuram,3,0
540,Amberpet,1,0
1717,Gachibowli,2,0
1717,Gachibowli,2,0
900,Mehdipatnam,2,0
2150,Bandlaguda Jagir,3,0
810,Moula Ali,2,0
1985,Bandlaguda Jagir,3,0
1555,Kondapur,3,0
810,Moula Ali,2,0
1985,Bandlaguda Jagir,3,0
1555,Kondapur,3,0
1050,Mehdipatnam,2,0
1014,Mallapur,2,0
1085,Kompally,2,0
1100,Kompally,2,0
1050,Nizampet,2,0
1050,Nizampet,2,0
1860,Kukatpally,3,0
1860,Kukatpally,3,0
3000,Banjara Hills,3,1
3000,Banjara Hills,3,1
955,Nallagandla Gachibowli,2,0
1155,Gandipet,2,0
1120,Nizampet,2,0
850,Nizampet,2,0
1000,Kachiguda,2,0
1000,Kachiguda,2,0
1000,Kachiguda,2,0
1000,Kachiguda,2,0
1000,Kachiguda,2,0
966,Narsingi,2,0
1000,Kachiguda,2,0
1000,Kachiguda,2,0
1050,Mehdipatnam,2,0
1575,Alwal,3,0
1700,Nacharam,3,0
1700,Nacharam,3,0
1535,Pragathi Nagar Kukatpally,3,0
940,Nizampet,2,0
1060,Nizampet,2,0
1015,Nizampet,2,0
1015,Nizampet,2,0
1600,Narsingi,3,0
1150,Kondapur,2,1
1500,Narsingi,2,0
1000,Nizampet,2,0
1208,Kompally,2,0
1000,Toli Chowki,2,1
1150,Kondapur,2,1
1500,Narsingi,2,0
1700,Kukatpally,3,0
1170,Masab Tank,2,0
1090,Kukatpally,2,0
1090,Kukatpally,2,0
1050,Nizampet,2,0
1425,Malkajgiri,3,0
1060,Bolarum,2,0
1130,Bachupally,2,0
930,Nizampet,2,0
1085,Nizampet,2,0
1420,Toli Chowki,3,0
1120,Nizampet,2,0
1506,Appa Junction,2,0
1506,Appa Junction,2,0
1650,Nagole,3,0
1650,Nagole,3,0
1200,Nizampet,2,0
1145,Alwal,2,0
1875,Kokapet,3,0
2540,Kokapet,3,0
2630,Kokapet,4,0
1145,Alwal,2,0
2450,Kondapur,3,0
1425,Alwal,3,0
1720,Mehdipatnam,3,0
2405,Nanakramguda,3,0
1725,Chandanagar,3,0
1730,Kukatpally,3,0
4070,Madhapur,4,1
2000,Miyapur,3,1
1295,Kondapur,2,1
1490,Kondapur,3,1
1905,Miyapur,3,0
1905,Miyapur,3,0
1525,Kondapur,3,0
1120,Manikonda,2,0
1080,Qutub Shahi Tombs,3,0
950,Toli Chowki,2,0
2700,Manikonda,3,0
1755,Narsingi,3,0
1755,Narsingi,3,0
1216,Puppalaguda,2,0
1210,Nallagandla Gachibowli,2,0
1525,Kondapur,3,0
1340,Puppalaguda,2,0
1216,Puppalaguda,2,0
1725,Chandanagar,2,0
2070,Banjara Hills,3,1
3025,Banjara Hills,4,1
1670,Jubilee Hills,3,0
1150,East Marredpally,2,0
1150,Kondapur,2,0
1600,Narsingi,3,0
2786,Narsingi,3,0
1525,Kondapur,3,0
1555,Gajularamaram,3,0
1315,Kondapur,2,0
2050,Kondapur,3,0
1675,Kukatpally,3,0
1725,Gandipet,3,0
1770,Kondapur,3,0
3200,Jubilee Hills,3,0
1900,Jubilee Hills,3,0
1880,Kondapur,3,0
2050,Kondapur,3,0
3600,Nanakramguda,3,1
2665,Gandipet,3,0
1216,Kukatpally,2,0
3031,Banjara Hills,4,0
2220,Kokapet,3,0
3448,Gachibowli,3,1
3015,Madhapur,3,0
1430,Gachibowli,3,0
2007,Abids,5,1
1695,Kukatpally,3,0
1815,Kondapur,3,0
1630,Kondapur,3,0
1620,Chandanagar,3,0
1200,Kistareddypet,2,0
1650,West Marredpally,2,1
1550,Kukatpally,3,0
1535,Kondapur,3,0
1165,Kondapur,2,0
1400,Malkajgiri,3,1
2600,Somajiguda,3,1
1100,Miyapur,2,0
1010,Malkajgiri,2,1
1195,Kondapur,2,0
970,Kukatpally,2,0
1050,Kompally,2,0
1130,Alwal,2,0
2300,Bolarum,3,0
1015,Alwal,2,1
2960,Shaikpet,4,0
1190,Mallapur,2,0
1190,Mallapur,2,0
1340,Puppalaguda,2,0
1875,Shaikpet,3,1
1900,Jubilee Hills,3,0
1920,West Marredpally,4,1
1330,Alwal,2,0
2350,Hitech City,3,1
1120,Pragathi Nagar Kukatpally,2,0
1924,Madhapur,3,1
1575,Sri Nagar Colony,3,0
2350,Hitech City,3,1
3000,Dilsukh Nagar,4,1
1350,Quthbullapur,3,1
1580,Puppalaguda,3,0
1200,Malkajgiri,2,1
1050,Gajularamaram,2,0
1090,Kukatpally,2,0
1730,Kukatpally,3,0
1535,Kondapur,3,0
1700,Kukatpally,3,0
1050,Alwal,2,1
1300,Alwal,2,0
1770,Kondapur,3,0
1050,Alwal,2,1
1300,Alwal,2,0
1770,Kondapur,3,0
1430,Kompally,3,0
1800,Kukatpally,3,0
1530,Alwal,3,1
1000,Miyapur,2,0
1905,Kukatpally,3,0
1885,Kondapur,3,0
1885,Kondapur,3,0
1885,Kondapur,3,0
1560,Moosapet,3,1
1190,Hafeezpet,2,1
1450,Kukatpally,3,0
1450,Kukatpally,3,0
1050,Gajularamaram,2,0
1875,Kondapur,3,1
1555,Gajularamaram,3,0
900,Sainikpuri,2,0
1418,Puppalaguda,3,0
1418,Puppalaguda,3,0
1125,Nizampet,2,0
1515,Nizampet,3,0
1600,Serilingampally,3,0
1260,Serilingampally,2,0
2848,Gachibowli,4,0
1492,Gachibowli,2,0
1283,Gachibowli,2,0
1410,Gachibowli,2,0
2000,Kondapur,3,0
1463,Manikonda,3,0
1730,Kukatpally,3,0
1600,Kondapur,3,0
2600,Manikonda,3,1
840,West Marredpally,1,1
1725,Manikonda,3,0
1980,Banjara Hills,3,0
2085,Banjara Hills,3,0
2580,Banjara Hills,3,0
2185,Banjara Hills,3,0
1920,Banjara Hills,3,0
2210,Banjara Hills,3,0
1111,Qutub Shahi Tombs,3,1
1161,Nizampet,2,0
1500,Sainikpuri,3,0
1500,Sainikpuri,3,0
2021,Puppalaguda,2,0
1300,Manikonda,3,0
1000,Malkajgiri,2,1
1060,East Marredpally,2,1
9400,Kukatpally,8,1
950,Nizampet,2,1
1350,Kapra,3,1
1600,Nagole,3,1
1000,Nacharam,2,1
1450,Nacharam,3,1
1050,Kapra,2,1
1150,Mallapur,2,1
1900,Mallapur,3,1
1465,Nizampet,3,0
1228,Nizampet,2,0
1165,Nizampet,2,0
1106,Nizampet,2,0
1315,Mallapur,3,1
3200,West Marredpally,3,1
1250,Nacharam,3,1
1050,Toli Chowki,2,1
1900,Mallapur,2,1
1096,Beeramguda,2,0
1765,Habsiguda,3,1
2021,Puppalaguda,2,0
1005,KTR Colony,2,1
1750,Mallapur,3,1
1100,Nizampet,2,0
1100,Nizampet,2,0
1200,Nizampet,2,0
1160,Nizampet,2,0
1060,Nizampet,2,0
1506,AS Rao Nagar,3,0
1165,Nizampet,2,0
1471,Tarnaka,3,1
3200,West Marredpally,3,1
1350,Nagole,3,1
1850,Malkajgiri,3,0
1600,Mallapur,2,1
1250,Nacharam,3,1
1050,Toli Chowki,2,1
1900,Mallapur,2,1
1150,Mallapur,2,1
1700,West Marredpally,3,1
1765,Habsiguda,3,1
1050,Mallampet,1,0
1050,Nizampet,2,1
1750,Mallapur,3,1
1150,Nizampet,2,0
990,East Marredpally,2,1
1150,Nagole,2,1
2400,Banjara Hills,3,1
1200,Nizampet,2,0
1060,Nizampet,2,0
1160,Nizampet,2,0
1165,Nizampet,2,0
1278,Manikonda,2,0
2021,Puppalaguda,2,0
1765,Habsiguda,3,1
2021,Puppalaguda,2,0
1005,KTR Colony,2,1
3180,Gachibowli,3,1
3180,Kondapur,3,1
1000,Nizampet,2,1
987,East Marredpally,2,1
1075,West Marredpally,2,1
600,Kukatpally,1,1
1400,Habsiguda,3,1
1300,Puppalaguda,3,0
1300,Puppalaguda,3,0
1490,Manikonda,3,0
1275,East Marredpally,2,1
1096,Beeramguda,2,0
1100,Nizampet,2,0
1000,Mallapur,2,1
1050,Nizampet,2,0
1100,Nizampet,2,0
1100,Nizampet,2,0
1450,Bollaram,3,1
1376,Appa Junction Peerancheru,2,0
1972,Appa Junction Peerancheru,3,0
1180,Appa Junction Peerancheru,2,0
1554,Appa Junction Peerancheru,3,0
1628,Appa Junction Peerancheru,3,0
1274,Appa Junction Peerancheru,2,0
1784,Appa Junction Peerancheru,3,0
1788,Appa Junction Peerancheru,3,0
1400,Appa Junction Peerancheru,2,0
1966,Appa Junction Peerancheru,3,0
1502,Appa Junction Peerancheru,3,0
1707,Appa Junction Peerancheru,3,0
1642,Appa Junction Peerancheru,3,0
1487,Appa Junction Peerancheru,2,0
1633,Appa Junction Peerancheru,3,0
1800,Appa Junction Peerancheru,3,0
1877,Appa Junction Peerancheru,3,0
1524,Appa Junction Peerancheru,2,0
1326,Appa Junction Peerancheru,2,0
1465,Appa Junction Peerancheru,2,0
1597,Appa Junction Peerancheru,3,0
1265,Miyapur,2,0
1945,Miyapur,3,0
1435,Kukatpally,3,0
1925,Miyapur,3,0
1265,Miyapur,2,0
1905,Kukatpally,3,0
1090,Kukatpally,2,0
1230,Kukatpally,2,0
1920,Kukatpally,3,0
1905,Miyapur,3,0
1170,Kukatpally,1,0
1385,Appa Junction,2,0
1390,Appa Junction,2,0
1282,Appa Junction,2,0
1020,Gajularamaram,1,0
1935,Aminpur,3,0
1090,Kukatpally,2,0
1630,Kondapur,3,0
1695,Kukatpally,3,0
1282,Appa Junction,2,0
1390,Appa Junction,2,0
1385,Appa Junction,2,0
1385,Appa Junction,2,0
1080,Beeramguda,2,0
1045,Krishna Reddy Pet,2,0
1100,Krishna Reddy Pet,2,0
1090,Kukatpally,2,0
1700,Moosapet,2,0
1730,Moosapet,2,0
1700,Kukatpally,3,0
1050,Gajularamaram,2,0
2400,Karmanghat,4,1
1214,Miyapur,2,0
1080,Beeramguda,2,0
1090,Kukatpally,2,0
1840,Kukatpally,3,0
1620,Gajulramaram Kukatpally,3,0
1125,Gajulramaram Kukatpally,2,0
1368,Gajulramaram Kukatpally,3,0
2115,Kokapet,3,0
1695,Kukatpally,3,0
1125,Mallampet,1,0
1170,Uppal,2,0
1200,Miyapur,2,0
902,LB Nagar,2,0
1695,Kukatpally,3,0
1200,Kondapur,2,1
1100,Krishna Reddy Pet,2,0
1035,Krishna Reddy Pet,2,0
1025,Krishna Reddy Pet,2,0
1490,Narsingi,3,0
1130,Manikonda,2,1
1480,Puppalaguda,3,0
1050,Gajularamaram,2,0
1510,Khajaguda Nanakramguda Road,3,0
1925,Miyapur,3,0
1525,Kondapur,3,0
1523,Cherlapalli,2,1
1200,Sainikpuri,3,0
3233,Hitech City,4,1
1620,Mallampet,3,0
1500,Kachiguda,1,1
1650,Manikonda,3,1
1908,Jubilee Hills,3,0
1130,Manikonda,2,1
1480,Puppalaguda,3,0
1050,Gajularamaram,2,0
1548,Tarnaka,3,1
1725,Tarnaka,3,0
1500,Tarnaka,2,1
1430,Puppalaguda,2,0
1050,Krishna Reddy Pet,2,0
1294,Miyapur,2,0
1050,Krishna Reddy Pet,2,0
1100,Krishna Reddy Pet,2,0
1080,Beeramguda,2,0
1100,Krishna Reddy Pet,2,0
1025,Krishna Reddy Pet,2,0
1035,Krishna Reddy Pet,2,0
1085,Beeramguda,2,0
1480,Attapur,3,0
1100,Krishna Reddy Pet,2,0
1920,Miyapur,3,0
1190,Miyapur,2,0
1080,Beeramguda,2,0
1465,Gajularamaram,3,0
1190,Miyapur,2,0
1050,Gajularamaram,2,0
1538,Tellapur,3,0
1678,Tellapur,3,0
1678,Tellapur,3,0
1080,Beeramguda,2,0
1080,Beeramguda,2,0
1695,Kukatpally,3,0
1700,Himayat Nagar,3,1
1500,Kachiguda,1,1
1650,Manikonda,3,1
1920,Miyapur,3,0
1190,Miyapur,2,0
1130,Manikonda,2,1
1480,Puppalaguda,3,0
2000,Puppalaguda,3,1
1050,Gajularamaram,2,0
1170,Uppal,2,0
1548,Tarnaka,3,1
1725,Tarnaka,3,0
1500,Tarnaka,2,1
1430,Puppalaguda,2,0
1045,Krishna Reddy Pet,2,0
1035,Krishna Reddy Pet,2,0
1025,Krishna Reddy Pet,2,0
1080,Beeramguda,2,0
1080,Beeramguda,2,0
1035,Krishna Reddy Pet,2,0
1085,Beeramguda,2,0
1480,Attapur,3,0
1100,Krishna Reddy Pet,2,0
1045,Krishna Reddy Pet,2,0
1035,Krishna Reddy Pet,2,0
1025,Krishna Reddy Pet,2,0
1525,Kondapur,2,0
1080,Beeramguda,2,0
1730,Kukatpally,3,0
1361,Attapur,3,0
1265,Miyapur,2,0
1555,Gajularamaram,3,0
1200,Kondapur,2,0
1681,Kondapur,3,0
1250,Kondapur,2,0
1050,Gajularamaram,2,0
1700,Shaikpet,3,0
1555,Gajularamaram,3,0
1170,Rhoda Mistri Nagar,2,1
1620,Mallampet,3,0
607,Miyapur,1,0
990,Gachibowli,1,0
1000,Toli Chowki,2,1
1565,Uppal,3,0
1630,Habsiguda,3,0
1100,Bandlaguda Jagir,2,1
1100,Krishna Reddy Pet,2,0
1025,Krishna Reddy Pet,2,0
1080,Beeramguda,2,0
1100,Krishna Reddy Pet,2,0
1100,Krishna Reddy Pet,2,0
1025,Krishna Reddy Pet,2,0
682,Uppal,1,0
1245,Tarnaka,2,0
1500,Kondapur,3,1
900,Nallakunta,2,1
1320,Zamistanpur,3,1
1530,Zamistanpur,3,1
1190,Kukatpally,2,0
1695,Kukatpally,3,0
1200,Kondapur,2,1
1080,Beeramguda,2,0
1080,Beeramguda,2,0
1080,Beeramguda,2,0
1100,Krishna Reddy Pet,2,0
1035,Krishna Reddy Pet,2,0
1025,Krishna Reddy Pet,2,0
1490,Narsingi,3,0
1539,Neknampur,3,1
1641,Puppalaguda,2,0
1640,Puppalaguda,2,0
1402,Puppalaguda,1,0
1401,Puppalaguda,1,0
1925,Miyapur,3,0
1050,Gajularamaram,2,0
1555,Gajularamaram,3,0
1008,Bachupally,2,0
1080,Beeramguda,2,0
1080,Beeramguda,2,0
1230,Kukatpally,2,0
1050,Gajularamaram,2,0
1925,Miyapur,3,0
1525,Kondapur,3,0
1523,Cherlapalli,2,1
1200,Sainikpuri,3,0
3233,Hitech City,4,1
1350,Manikonda,3,0
1188,Sanath Nagar,2,1
1199,Tellapur,2,0
1538,Gachibowli,3,0
1730,Kukatpally,3,0
1080,Beeramguda,2,0
1080,Beeramguda,2,0
1045,Krishna Reddy Pet,2,0
1035,Krishna Reddy Pet,2,0
1025,Krishna Reddy Pet,2,0
1525,Kondapur,2,0
1080,Beeramguda,2,0
1115,Miyapur,2,0
1090,Kukatpally,2,0
3233,Hitech City,4,1
1080,Beeramguda,2,0
1568,Darga Khaliz Khan,3,0
1568,Appa Junction,3,0
1568,Appa Junction,3,0
1794,Appa Junction,3,0
1794,Appa Junction,3,0
1350,Manikonda,3,0
1525,Kondapur,3,0
1530,Manikonda,2,1
1953,Gachibowli,2,0
3434,Gachibowli,4,0
1580,Puppalaguda,3,1
1815,Kondapur,3,0
1935,Aminpur,3,0
1905,Aminpur,3,0
1695,Moosapet,2,0
1090,Moosapet,1,0
1555,Gajularamaram,2,0
1265,Aminpur,2,0
1490,Narsingi,3,0
1115,Miyapur,2,0
1555,Gajularamaram,3,0
1390,Appa Junction,2,0
1799,Appa Junction,3,0
1799,Appa Junction,3,0
1799,Appa Junction,3,0
1638,Appa Junction,3,0
1638,Appa Junction,3,0
1638,Darga Khaliz Khan,3,0
1794,Appa Junction,3,0
1230,Kukatpally,2,0
1200,Chintalmet,2,1
1200,Attapur,3,1
2000,Puppalaguda,3,1
1170,Rhoda Mistri Nagar,2,1
682,Uppal,1,0
1245,Tarnaka,2,0
1530,Zamistanpur,3,1
1568,Darga Khaliz Khan,3,0
1390,Appa Junction,2,0
1282,Appa Junction,2,0
1282,Darga Khaliz Khan,2,0
1282,Appa Junction,2,0
1390,Appa Junction,2,0
1282,Darga Khaliz Khan,2,0
1282,Darga Khaliz Khan,2,0
1282,Appa Junction,2,0
1214,Appa Junction,2,0
1390,Appa Junction,2,0
1392,Darga Khaliz Khan,2,0
1392,Appa Junction,2,0
1390,Appa Junction,2,0
1282,Darga Khaliz Khan,2,0
1020,Saroornagar,2,1
905,LB Nagar,2,0
1730,Kukatpally,3,0
1925,Miyapur,3,0
1925,Miyapur,3,0
1925,Miyapur,3,0
1265,Miyapur,2,0
1465,Gajularamaram,3,0
1050,Gajularamaram,2,0
1430,Appa Junction,2,0
1430,Appa Junction,2,0
1430,Appa Junction,2,0
1430,Appa Junction,2,0
1385,Appa Junction,2,0
1525,Kondapur,3,0
1799,Appa Junction,3,0
1799,Appa Junction,3,0
1799,Appa Junction,3,0
1638,Appa Junction,3,0
1638,Appa Junction,3,0
1638,Darga Khaliz Khan,3,0
1794,Appa Junction,3,0
1568,Darga Khaliz Khan,3,0
1568,Appa Junction,3,0
1568,Appa Junction,3,0
1794,Appa Junction,3,0
1100,Manikonda,2,1
3266,East Marredpally,3,0
1200,Manikonda,2,1
1555,Gajularamaram,3,0
1620,Bollaram,3,0
1125,Mallampet,1,0
1100,Mallampet,1,0
1050,Gajularamaram,2,0
1080,Beeramguda,2,0
1090,Kukatpally,2,0
1380,Manikonda,3,0
1510,Begumpet,3,0
1652,Kukatpally,3,0
3147,Hitech City,4,0
3090,Hitech City,4,0
3044,Hitech City,4,0
2051,Hitech City,3,0
3498,Hitech City,4,0
3101,Hitech City,4,0
3049,Hitech City,4,0
1738,Hitech City,3,0
1355,Hitech City,2,0
1334,Hitech City,2,0
1346,Hitech City,2,0
1327,Hitech City,2,0
1652,Kukatpally,3,0
1473,Kondapur,2,0
2607,Kondapur,3,0
2800,Kondapur,3,0
2192,Kondapur,3,0
2815,Kondapur,3,0
2452,Kondapur,3,0
2191,Kondapur,3,0
2813,Kondapur,3,0
1290,Kondapur,2,0
1300,Kondapur,2,0
1368,Kondapur,2,0
1550,Hitex Road,3,0
1550,Manikonda,3,0
2049,Hitech City,4,0
3494,Hitech City,4,0
1336,Hitech City,2,0
1850,Kondapur,3,0
1500,Kondapur,2,0
1620,Puppalaguda,3,0
1200,Begumpet,2,1
2700,Banjara Hills,3,1
3600,Kondapur,4,1
1530,Kondapur,3,0
1265,Sanath Nagar,2,0
1260,Nallagandla Gachibowli,2,0
1695,Nallagandla Gachibowli,3,0
1860,Nallagandla Gachibowli,3,0
1520,Balanagar,3,0
1655,Balanagar,3,0
1665,Balanagar,3,0
1755,Balanagar,3,0
1765,Balanagar,3,0
1940,Balanagar,3,0
1260,Nallagandla Gachibowli,2,0
1695,Nallagandla Gachibowli,3,0
1860,Nallagandla Gachibowli,3,0
1313,Manikonda,2,0
1256,Manikonda,2,0
1150,Manikonda,2,0
1495,Sanath Nagar,3,0
1500,Sanath Nagar,3,0
1685,Sanath Nagar,3,0
1895,Sanath Nagar,3,0
1780,Sanath Nagar,3,0
1785,Sanath Nagar,3,0
1265,Nallagandla Gachibowli,2,0
1270,Nallagandla Gachibowli,2,0
1511,Nallagandla Gachibowli,2,0
1270,Nallagandla Gachibowli,3,0
1665,Nallagandla Gachibowli,3,0
1265,Nallagandla Gachibowli,2,0
1430,Balanagar,3,0
1610,Balanagar,3,0
1320,Balanagar,3,0
1435,Balanagar,3,0
1510,Balanagar,3,0
1270,Nallagandla Gachibowli,2,0
1511,Nallagandla Gachibowli,2,0
1270,Nallagandla Gachibowli,3,0
1665,Nallagandla Gachibowli,3,0
1280,Manikonda,2,0
1278,Manikonda,2,0
1230,Manikonda,2,0
1503,Manikonda,3,0
1585,Manikonda,3,0
1189,Manikonda,2,0
1209,Manikonda,2,0
1279,Manikonda,2,0
1311,Manikonda,2,0
1405,Manikonda,3,0
1495,Manikonda,3,0
1953,Manikonda,3,0
1627,Manikonda,3,0
1778,Manikonda,3,0
1970,Manikonda,3,0
1900,Manikonda,3,0
1971,Manikonda,3,0
1846,Manikonda,3,0
1804,Manikonda,3,0
1550,Manikonda,3,0
1559,Manikonda,3,0
1629,Manikonda,3,0
1752,Manikonda,3,0
1808,Manikonda,3,0
1986,Manikonda,3,0
1605,Manikonda,3,0
1715,Manikonda,3,0
1826,Manikonda,3,0
1995,Manikonda,3,0
1996,Manikonda,3,0
1655,Narsingi,3,0
1020,Attapur,2,0
1160,ECIL,2,0
5200,Boiguda,3,0
2250,Manikonda,3,0
1160,ECIL Main Road,2,0
1990,Shaikpet,3,1
1585,ECIL,3,0
1165,ECIL,2,0
550,Moula Ali,1,0
550,ECIL Cross Road,1,0
1260,Nizampet,2,0
1105,Nizampet,2,0
1105,Nizampet,2,0
2080,Shaikpet,3,1
1235,ECIL Main Road,2,0
2260,Hitech City,3,0
2015,Hitech City,3,0
2015,Hitech City,3,0
1700,Narsingi,3,0
1265,Sanath Nagar,2,0
4650,Manikonda,4,1
1742,Gachibowli,3,1
2300,Rajbhavan Road Somajiguda,3,1
1110,Beeramguda,2,0
1110,Beeramguda,2,0
1050,Ramachandra Puram,2,0
1050,Ramachandra Puram,2,0
1505,Vanasthalipuram,3,0
2026,TellapurOsman Nagar Road,3,0
1640,Mansoorabad,3,0
1650,Serilingampally,3,0
1880,TellapurOsman Nagar Road,3,0
1216,Kukatpally,2,0
2026,Tellapur,3,0
1585,ECIL,3,0
2015,Hitech City,3,0
2500,Hitech City,3,0
2771,Bandlaguda Jagir,4,0
1895,Sanath Nagar,3,0
1500,Sanath Nagar,3,0
2595,Madhapur,4,1
2250,Kondapur,3,1
2060,Nanakramguda,3,1
1880,Kondapur,3,1
1620,Gajularamaram,3,0
1620,Gajularamaram,3,0
2250,Kondapur,3,1
2060,Nanakramguda,3,1
1390,Kokapet,3,0
1255,Bandlaguda Jagir,2,0
2285,Bandlaguda Jagir,3,0
1993,Gachibowli,3,1
2282,Bandlaguda Jagir,3,0
1384,Narsingi,3,0
1880,TellapurOsman Nagar Road,3,0
1874,Tellapur,3,0
1165,ECIL Cross Road,2,0
2000,Manikonda,3,0
1820,ECIL Cross Road,3,0
4160,Shaikpet,4,0
1020,Boduppal,2,1
1430,ECIL Main Road,3,0
1360,Kukatpally,2,0
1125,KRCR Colony Road,2,0
1430,ECIL,3,0
3044,Hitech City,4,0
3101,Hitech City,4,0
3147,Hitech City,4,0
3090,Hitech City,4,0
1139,Pragati Nagar,2,0
1560,LB Nagar,3,0
1880,TellapurOsman Nagar Road,3,0
1687,Tellapur,3,0
770,Padmarao Nagar,2,1
1257,Manikonda,2,1
2225,Narsingi,3,0
2170,Narsingi,3,0
1425,Narsingi,2,0
2025,Narsingi,3,0
1410,Gandipet,2,0
2160,Gandipet,3,0
1905,Gandipet,3,0
2665,Gandipet,3,0
2400,Gandipet,3,0
1395,Gandipet,2,0
1945,Kokapet,3,0
1945,Kokapet,3,0
1945,Kokapet,3,0
1680,Kokapet,3,0
1680,Kokapet,3,0
1270,Kokapet,2,0
1270,Kokapet,2,0
1270,Kokapet,2,0
1480,Kokapet,3,0
3000,Sainikpuri,4,1
1225,Nizampet,2,0
2026,Tellapur,3,0
1525,Bandlaguda Jagir,3,0
1265,LB Nagar,2,0
1640,Kondapur,3,1
1360,Kukatpally,2,0
1560,LB Nagar,3,0
2026,Tellapur,3,0
1125,KRCR Colony Road,2,0
1515,Pragathi Nagar Kukatpally,3,0
1515,Pragathi Nagar Kukatpally,3,0
950,Paramount Colony Toli Chowki,2,1
1515,Pragathi Nagar Kukatpally,3,0
1515,Pragathi Nagar Kukatpally,3,0
1820,ECIL,3,0
1515,Pragathi Nagar Kukatpally,3,0
2026,Tellapur,3,0
1366,Kukatpally,2,0
1146,Nizampet,2,0
1441,Kukatpally,2,0
1360,Kukatpally,2,0
3090,Hitech City,4,0
1000,BK Guda Internal Road,2,1
2026,Tellapur,3,0
2026,TellapurOsman Nagar Road,3,0
1880,Tellapur,3,0
2026,TellapurOsman Nagar Road,3,0
1820,ECIL,3,0
1125,muthangi,2,1
1950,Attapur,3,0
1951,Attapur,3,0
1951,Attapur,3,0
1441,Kukatpally,2,0
1700,Narsingi,3,0
1700,Narsingi,3,0
1700,Narsingi,3,0
1700,Narsingi,3,0
1279,Kukatpally,2,0
1570,Kondapur,3,0
1215,Pragati Nagar,2,0
1050,Pragathi Nagar,2,1
1260,Gachibowli,3,1
1515,Pragathi Nagar Kukatpally,3,0
1300,Yapral,3,0
1700,Narsingi,3,0
3090,Hitech City,4,0
1274,Kukatpally,2,0
1274,Kukatpally,2,0
1400,Kokapet,3,0
1621,Narayanguda,3,1
1800,Kokapet,3,0
1200,Nizampet,2,0
1400,Kollur,3,0
1200,Nizampet,2,0
1155,Bachupally Road,2,0
1175,Bachupally Road,2,0
1128,Pragathi Nagar,3,0
1150,Amberpet,2,0
2026,TellapurOsman Nagar Road,3,0
1880,TellapurOsman Nagar Road,3,0
1880,Tellapur,3,0
1350,Old Bowenpally,3,1
1155,Bachupally Road,2,0
1155,Bachupally Road,2,0
3090,Hitech City,4,0
3090,Hitech City,4,0
3090,Hitech City,4,0
1650,Serilingampally,3,0
1650,Serilingampally,3,0
1650,Serilingampally,3,0
1650,Serilingampally,3,0
1650,Serilingampally,3,0
1650,Serilingampally,3,0
1650,Serilingampally,3,0
1235,Moula Ali,2,0
1515,Pragathi Nagar Kukatpally,3,0
1650,Serilingampally,3,0
1650,Serilingampally,3,0
1650,Serilingampally,3,0
1650,Serilingampally,3,0
1650,Serilingampally,3,0
1650,Serilingampally,3,0
1650,Serilingampally,3,0
1700,Alapathi Nagar,3,1
960,Arvind Nagar Colony,3,1
1155,Bachupally Road,2,0
1650,Serilingampally,3,0
1650,Serilingampally,3,0
1650,Serilingampally,3,0
1175,Bachupally Road,2,0
1650,Serilingampally,3,0
1175,Bachupally Road,2,0
1370,Kondapur,2,0
1216,Kukatpally,2,0
1366,Kukatpally,2,0
1216,Kukatpally,2,0
1155,Bachupally Road,2,0
2026,Tellapur,3,0
1570,Kondapur,3,0
1950,Attapur,3,0
1170,Matrusri Nagar,2,0
1515,Pragathi Nagar Kukatpally,3,0
1471,Attapur,2,0
1470,Attapur,2,0
1470,Attapur,2,0
1955,Attapur,3,0
1000,Nizampet,2,1
1515,Pragathi Nagar Road,3,0
1515,Pragathi Nagar Road,3,0
1274,Kukatpally,2,0
2865,Madhapur,4,1
1090,Kukatpally,2,0
2026,Tellapur,3,0
1515,Pragathi Nagar Kukatpally,3,0
950,Padma Colony,2,1
1515,Pragathi Nagar Kukatpally,3,0
1515,Pragathi Nagar Kukatpally,3,0
1880,TellapurOsman Nagar Road,3,0
2220,Nanakramguda,3,0
1600,Kokapet,3,0
1201,Nizampet,2,0
1150,Nizampet,2,1
1155,Bachupally Road,2,0
1050,Gajularamaram,2,0
1555,Gajularamaram,3,0
2026,TellapurOsman Nagar Road,3,0
1880,TellapurOsman Nagar Road,3,0
1155,Bachupally Road,2,0
2380,Hitech City,3,0
1402,Happy Homes Colony,3,1
1515,Pragathi Nagar Kukatpally,3,0
1120,Pragathi Nagar,3,0
1279,Kukatpally,2,0
1274,Kukatpally,2,0
1155,Bachupally Road,2,0
1650,Serilingampally,3,0
1515,Pragathi Nagar Kukatpally,3,0
1650,Serilingampally,3,0
1687,Tellapur,3,0
800,Uppal,2,1
1515,Pragathi Nagar Kukatpally,3,0
1515,Pragathi Nagar Kukatpally,3,0
1515,Pragathi Nagar Kukatpally,3,0
1441,Kukatpally,2,0
1100,Yapral,2,0
2150,Tellapur,3,0
1515,Pragathi Nagar Kukatpally,3,0
1515,Pragathi Nagar Kukatpally,3,0
1515,Pragathi Nagar Road,3,0
1515,Pragathi Nagar Kukatpally,3,0
1155,Bachupally Road,2,0
600,Old Nallakunta,1,1
1650,Serilingampally,3,0
1880,Kondapur,3,0
1360,Kukatpally,2,0
1216,Kukatpally,2,0
1538,Tellapur,3,0
1920,Miyapur,3,0
1190,Miyapur,2,0
2925,Serilingampally,4,0
1650,Serilingampally,3,0
2150,Kokapet,3,0
1695,Kukatpally,3,0
2700,Sangeet Nagar,2,0
1250,Karmanghat,2,0
1100,NRSA Colony,2,0
1003,Miyapur,2,0
1400,Adibatla,3,0
1400,Adibatla,3,0
5000,Manikonda,6,0
850,Methodist Colony,2,1
1800,Ameerpet,3,1
1235,Moula Ali,2,0
1515,Pragathi Nagar Kukatpally,2,0
750,BK Guda Internal Road,2,1
1155,Bachupally Road,2,0
900,West Marredpally,2,1
3300,Banjara Hills,4,1
1538,Tellapur,3,0
1195,Kondapur,2,1
1100,Pragathi Nagar Kukatpally,2,0
1650,Serilingampally,3,0
1650,Serilingampally,3,0
1214,Miyapur,2,0
1175,Bachupally Road,2,0
1155,Bachupally Road,2,0
1175,Bachupally Road,2,0
1175,Bachupally Road,2,0
1175,Bachupally Road,2,0
1028,ALIND Employees Colony,2,0
1350,Khizra Enclave,3,0
1050,Medchal,2,0
1300,LB Nagar,3,0
1500,Beeramguda,3,0
1400,Krishna Reddy Pet,3,0
1130,LB Nagar,2,0
1500,Dammaiguda,3,1
3000,Jubilee Hills,3,0
1650,Serilingampally,3,0
3498,Hitech City,4,0
1100,Padmarao Nagar,3,1
1200,Bachupally,2,0
1175,Bachupally Road,2,0
1620,Gajulramaram Kukatpally,3,0
1100,Pragathi Nagar Kukatpally,2,0
1205,Miyapur,2,0
1180,Nizampet,2,0
1591,Kukatpally,3,0
1441,Banjara Hills,2,1
1050,Gachibowli,2,0
1665,Gachibowli,3,0
1250,Gachibowli,2,0
1175,Bachupally Road,2,0
1256,Suchitra,2,0
1200,Bachupally,2,0
4320,Whitefields,4,0
1735,Kokapet,3,0
1150,Mayuri Nagar,2,1
1500,Sanath Nagar,3,0
1175,Bachupally Road,2,0
1507,Kokapet,3,0
1412,Tellapur,3,0
2160,Gandipet,3,0
1500,Appa Junction Peerancheru,3,1
1050,Dammaiguda,2,1
550,Moula Ali,1,0
1220,Kondapur,2,0
1010,Gajularamaram,2,0
1090,Kukatpally,2,0
1555,Gajularamaram,3,0
1885,Kondapur,3,0
1730,Kukatpally,3,0
1155,Bachupally Road,2,0
1650,Serilingampally,3,0
5000,Adda Gutta,3,1
600,Miyapur HMT Swarnapuri Colony,1,1
1600,Central Excise Colony Hyderabad,3,1
2800,Gachibowli,3,0
2405,Gachibowli,3,0
1000,Krishna Reddy Pet,2,0
1400,Beeramguda,3,0
1330,LB Nagar,3,0
1000,Miyapur,3,0
3350,Basheer Bagh,4,1
1630,Kondapur,3,0
1650,Serilingampally,3,0
3350,Banjara Hills,4,0
1250,Gopal Nagar,2,0
1055,Uppal Kalan,2,0
1190,Bachupaly Road Miyapur,2,0
550,ECIL Main Road,1,0
1076,Kushaiguda,2,0
933,Kushaiguda,2,0
1026,Kushaiguda,2,0
982,Kushaiguda,2,0
1792,Tellapur,3,0
3498,Hitech City,4,0
1155,Bachupally Road,2,0
2771,Bandlaguda Jagir,4,0
1480,Kokapet,3,0
2250,Ashok Nagar,3,1
700,Sanath Nagar,2,1
1155,Bachupally Road,2,0
1155,Bachupally Road,2,0
1175,Bachupally Road,2,0
1715,Barkatpura,3,1
1100,Manikonda,2,0
2380,Kondapur,3,0
1430,ECIL,3,0
1008,Beeramguda,2,0
1225,Nizampet,2,0
1175,Bachupally Road,3,0
1580,Hitech City,3,0
1170,Madinaguda,2,0
1055,Medchal,2,0
1216,Kukatpally,2,0
4799,Gachibowli,4,1
1780,Sanath Nagar,3,0
1515,Pragathi Nagar Kukatpally,3,0
4152,Gachibowli,5,1
2100,Bagh Amberpet,3,1
1155,Bachupally Road,2,0
1597,Tellapur,3,0
1200,BK Guda Internal Road,2,1
1000,Hitech City,1,0
1585,ECIL Main Road,3,0
3025,Banjara Hills,4,0
2166,Banjara Hills,3,1
1620,Gajularamaram,3,0
2612,Yapral,3,1
1620,Gajulramaram Kukatpally,3,0
1620,Gajulramaram Kukatpally,3,0
1170,Madinaguda,2,0
1680,Kokapet,3,0
1400,new nallakunta,2,1
1400,Gachibowli,3,0
1585,ECIL Cross Road,3,0
1620,Gajularamaram,3,0
1620,Gajularamaram,3,0
1620,Gajularamaram,3,0
1620,Gajularamaram,3,0
1232,BHEL,2,0
1470,Sun City,2,0
1555,Alwal,3,0
1175,Bachupally Road,2,0
1470,Hydershakote,2,0
1360,Kukatpally,2,0
1400,Nallakunta,3,1
1090,Nizampet,2,0
1170,Madinaguda,2,0
1441,Kukatpally,2,0
1735,Kokapet,3,0
3230,Nanakramguda,3,1
1271,Kokapet,2,0
750,BK Guda Road,2,1
1740,Kukatpally,3,0
1155,Bachupally Road,2,0
1155,Bachupally Road,2,0
1175,Bachupally Road,2,0
1175,Bachupally Road,2,0
1155,Bachupally Road,2,0
1220,Nallagandla Road,2,0
1320,Kondapur,2,0
3380,Kokapet,4,0
1482,Appa Junction Peerancheru,2,1
4395,Nanakramguda,4,0
1860,Nallagandla Gachibowli,3,0
1500,Kapra,3,0
1170,Madinaguda,2,0
2865,Madhapur,4,1
4152,Gachibowli,5,1
1270,Kokapet,2,0
1735,Kokapet,3,0
1735,Kokapet,3,0
1216,Kukatpally,2,0
1755,IDPL Colony,3,0
1665,Balanagar,3,0
1620,Gajulramaram Kukatpally,3,0
1130,Pragathi Nagar,2,0
1100,Kukatpally,2,0
1160,ECIL,2,1
1490,Kondapur,3,0
1300,Ramnagar Gundu,3,0
1280,Ramnagar Gundu,3,0
1000,Nallakunta,2,1
1515,Pragathi Nagar Kukatpally,3,0
1170,Madinaguda,2,0
4146,Gachibowli,5,0
4146,Gachibowli,5,0
4146,Gachibowli,5,0
4146,Gachibowli,5,0
2875,Attapur,4,1
2744,Padmarao Nagar,4,1
2192,Kondapur,3,0
550,Moula Ali,1,0
2595,Madhapur,4,1
1875,Shaikpet,3,1
1460,Narsingi,3,0
1680,Kokapet,3,0
1155,Bachupally Road,2,0
1175,Bachupally Road,2,0
1650,Serilingampally,3,0
1515,Suchitra,3,0
1500,Alkapur township,5,0
1050,Kondapur,3,0
1600,Gachibowli,3,0
1511,Nallagandla Gachibowli,2,0
2141,Banjara Hills Road Number 12,3,1
1670,Narsingi,3,0
1155,Bachupally Road,2,0
1155,Bachupally Road,2,0
1175,Bachupally Road,2,0
1931,Kukatpally,3,0
1782,Kukatpally,3,0
1441,Kukatpally,2,0
1441,Kukatpally,2,0
1515,Suchitra,3,0
1165,ECIL Main Road,2,0
1740,Kukatpally,3,0
1360,Kukatpally,2,0
1110,Pragathi Nagar Kukatpally,2,0
1675,Chandanagar,3,1
1725,Gopanpally,3,0
1255,Nagole,2,0
1515,Pragathi Nagar Kukatpally,3,0
1515,Pragathi Nagar Kukatpally,3,0
1505,Kondapur,3,1
1650,Serilingampally,3,0
1090,Kukatpally,2,0
1695,Kukatpally,3,0
1315,Kondapur,2,0
1885,Kondapur,3,0
1180,Gajularamaram,2,0
1555,Gajularamaram,3,0
1728,Gachibowli,3,1
1189,Panchavati Colony Manikonda,2,1
1100,Manikonda,2,0
1782,Kukatpally,3,0
1782,Kukatpally,3,0
1735,Kukatpally,3,0
2192,Kondapur,3,0
1075,Kompally,2,0
1265,Kompally,2,0
1782,Kukatpally,3,0
2700,Sun City,3,0
4829,Gachibowli,4,0
1279,Kukatpally,2,0
1216,Kukatpally,2,0
1441,Kukatpally,2,0
1200,Narsingi,2,0
1150,Bachupally,2,0
1475,Bachupally,3,0
1100,Kompally,2,0
1470,Chandanagar,3,0
1780,Serilingampally,3,0
2460,Manikonda,3,1
2540,Kokapet,3,1
1130,Nanakramguda,2,0
1495,Nanakramguda,3,0
1395,Nanakramguda,2,0
1275,Nanakramguda,2,0
1875,Kokapet,3,0
2630,Kokapet,4,0
2630,Kokapet,4,0
4700,Jubilee Hills,4,0
4300,Jubilee Hills,4,0
1700,Tellapur,3,1
2630,Kokapet,4,0
1230,Bachupally,2,0
1000,Pragati Nagar,2,0
1150,Bachupally Road,2,0
1195,Nallakunta,3,0
1050,New Maruthi Nagar,2,1
1122,Tarnaka,2,0
1441,Kukatpally,2,0
1710,Kondapur,3,0
1600,Nanakramguda,3,0
2020,Kondapur,3,0
3190,Madhapur,4,1
1175,Bachupally Road,2,0
1175,Bachupally Road,2,0
1155,Bachupally Road,2,0
1155,Bachupally Road,2,0
1155,Bachupally Road,2,0
1175,Bachupally Road,2,0
1220,Bachupally Road,2,0
1155,Bachupally Road,2,0
1155,Bachupally Road,2,0
1155,Bachupally Road,2,0
1155,Bachupally Road,2,0
1175,Bachupally Road,2,0
1155,Bachupally Road,2,0
1165,Kondapur,2,0
1775,Bandlaguda Jagir,3,0
1662,Gachibowli,3,0
1770,Nanakramguda,3,0
3493,Hitech City,4,0
1050,Kukatpally,2,1
1515,Suchitra,3,0
2815,Kondapur,3,0
2191,Kondapur,3,0
2813,Kondapur,3,0
1535,Kokapet,3,0
1535,Kokapet,3,0
1535,Kokapet,3,0
2630,Kokapet,4,0
2630,Kokapet,4,0
2630,Kokapet,4,0
2630,Kokapet,4,0
2630,Kokapet,4,0
2630,Kokapet,4,0
2630,Kokapet,4,0
2630,Kokapet,4,0
2630,Kokapet,4,0
2630,Kokapet,4,0
2630,Kokapet,4,0
2630,Kokapet,4,0
4146,Gachibowli,5,0
4146,Gachibowli,5,0
4146,Gachibowli,5,0
4146,Gachibowli,5,0
1050,Madhavaram Nagar Colony,2,0
4800,Jubilee Hills,4,0
2607,Kondapur,3,0
1535,Kokapet,3,0
1185,Gajulramaram Kukatpally,2,0
1730,Nanakramguda,3,1
3490,Madhapur,4,1
1834,Manikonda,3,1
2025,Miyapur Bachupally Road,4,1
1000,Pragathi Nagar Road,2,0
1580,Hitech City,3,0
2615,Gachibowli,3,0
2191,Kondapur,3,1
1190,nizampet road,2,0
4400,Kukatpally,4,1
1270,Nallagandla Gachibowli,2,0
2100,Kokapeta Village,3,1
1100,Kompally,2,0
8500,LB Nagar,6,0
900,Nallakunta,2,1
3448,Gachibowli,4,0
1865,Hitech City,3,1
1589,Alwal,3,0
2025,Somajiguda,3,1
2191,Kondapur,3,0
2270,Nanakramguda,3,0
1615,Kondapur,3,1
1745,Nanakramguda,3,0
960,Nanakramguda,2,1
1190,Bachupally,2,0
2615,Nanakramguda,3,0
2815,Kondapur,3,0
2800,Kondapur,3,0
2600,Kondapur,3,0
2452,Kondapur,3,0
2815,Kondapur,3,0
1604,Madinaguda,3,0
1050,HMT Hills,2,1
1620,Gajularamaram,3,0
2540,Kokapet,3,0
2160,Hitech City,3,1
1630,Toli Chowki,3,0
1050,Tilak Nagar,2,1
1150,Hitech City,2,0
2265,Hitech City,3,1
1035,Chititra Medchal,2,1
1500,Madhapur,3,1
1688,Somajiguda,3,1
1100,Pragathi Nagar,2,0
1875,Kokapet,3,0
1050,BK Guda Road,2,1
1800,Appa Junction Peerancheru,3,1
2625,Madhapur,3,1
3448,Gachibowli,4,0
2385,Shaikpet,3,1
1800,Nanakramguda,3,1
2607,Kondapur,3,1
3240,Madhapur,4,1
2865,Madhapur,4,1
1125,Pragathi Nagar Kukatpally,2,0
2050,Serilingampally,3,0
3300,Banjara Hills,4,0
1300,muthangi,3,0
1240,Madinaguda,2,0
1665,Nallagandla Gachibowli,3,0
1265,Nallagandla Gachibowli,2,0
2644,Nanakramguda,3,0
1000,Beeramguda,2,0
1550,Central Excise Colony Hyderabad,3,1
4500,Miyapur,5,1
1640,Madinaguda,3,0
3450,Somajiguda,4,1
1150,Madhapur,2,0
1150,Beeramguda,2,0
1770,Kondapur,3,0
1960,Himayat Nagar,3,1
980,Bowenpally,2,1
1195,Kondapur,2,0
1200,Ashok Nagar,2,0
1590,Ashok Nagar,3,0
2220,Nanakramguda,3,1
1592,Kukatpally,3,0
1380,Barkatpura,3,1
4375,Madhapur,5,1
1640,Madinaguda,3,0
1240,Madinaguda,2,0
1300,Isnapur,3,0
1240,Madinaguda,2,0
1160,Nacharam,2,0
1695,Kukatpally,3,0
1090,Kukatpally,2,0
1275,Gachibowli,2,1
1350,Kokapet,2,1
1250,D D Colony,3,1
2500,DD Colony,3,1
3258,Nanakramguda,4,1
1165,Miyapur,2,0
1250,Ramnagar Gundu,3,1
1300,Patancheru Shankarpalli Road,3,0
950,Patancheru,2,0
1100,BHEL,3,0
1007,Jhangir Pet,2,0
1640,Gajulramaram Kukatpally,3,0
2925,Serilingampally,4,0
1710,Kondapur,3,1
2664,Nanakramguda,3,0
2000,Nanakramguda,3,0
1150,Almasguda,2,0
1150,Pragathi Nagar,2,0
1145,Ashok Nagar,2,0
1900,Kondapur,3,1
1580,Hitech City,3,1
2192,Kondapur,3,0
2595,Hitech City,3,1
960,Himayat Nagar,2,1
1665,Madinaguda,3,0
950,Patancheru,2,0
1735,Kukatpally,3,0
1360,Kukatpally,2,0
1208,Kukatpally,2,0
1740,Kukatpally,3,0
1200,Bachupally,2,0
1240,Bachupally,2,0
1240,Bachupally,2,0
1200,Bachupally,2,0
1600,Bachupally,3,0
1270,Bachupally,2,0
1080,Alwal,2,0
1020,Allwyn Colony,2,0
1145,Miyapur Bachupally Road,2,0
1575,Chandanagar,3,0
1700,Kukatpally,3,0
1730,Kukatpally,2,0
1090,Kukatpally,2,0
2300,BK Guda Road,3,0
1147,Adibatla,2,0
3900,Banjara Hills,4,0
3765,Banjara Hills,4,0
2021,Ashok Nagar,3,0
2000,Nanakramguda,3,0
1125,Gajulramaram Kukatpally,2,0
2220,Nanakramguda,3,1
2230,Nanakramguda,3,1
1834,Manikonda,3,1
4070,Madhapur,4,1
1834,Manikonda,3,1
4700,Kukatpally,4,1
1314,Manikonda,2,1
3355,Gachibowli,4,1
4146,Gachibowli,5,1
3448,Gachibowli,4,1
1200,Patancheru,3,0
1300,Patancheru,3,0
1600,DD Colony,3,1
7600,Kukatpally,8,1
1515,Pragathi Nagar Kukatpally,3,0
1515,Pragathi Nagar Kukatpally,3,0
1515,Pragathi Nagar Kukatpally,3,0
1515,Pragathi Nagar Kukatpally,3,0
1515,Pragathi Nagar Kukatpally,3,0
1515,Pragathi Nagar Kukatpally,3,0
1515,Pragathi Nagar Kukatpally,3,0
1515,Pragathi Nagar Kukatpally,3,0
1515,Pragathi Nagar Kukatpally,3,0
1515,Pragathi Nagar Kukatpally,3,0
1515,Pragathi Nagar Kukatpally,3,0
1515,Pragathi Nagar Kukatpally,3,0
1515,Pragathi Nagar Kukatpally,3,0
1515,Pragathi Nagar Kukatpally,3,0
1515,Pragathi Nagar Kukatpally,3,0
1515,Pragathi Nagar Kukatpally,3,0
1515,Pragathi Nagar Kukatpally,3,0
1515,Pragathi Nagar Kukatpally,3,0
1513,Pragathi Nagar Kukatpally,3,0
1515,Pragathi Nagar Kukatpally,3,0
1557,Sanath Nagar,3,1
1300,Patancheru,3,0
2025,Sri Nagar Colony,3,1
1260,Sri Nagar Colony,2,1
1834,Manikonda,3,1
1580,Tellapur,3,1
1860,Nanakramguda,3,0
1005,financial District,2,0
1200,Beeramguda Road,2,0
1057,Bandlaguda Jagir,2,1
2122,Ashok Nagar,3,0
910,Patancheru,2,0
1375,Pati,3,0
1001,Nagole,2,0
2000,Kondapur,3,0
1615,Kondapur,3,1
3085,Jubilee Hills,3,1
2250,Hitech City,4,0
3195,Kondapur,3,0
1735,Kokapet,3,0
3450,Madhapur,4,1
1500,Kondapur,3,0
1175,Bachupally Road,2,0
1155,Bachupally Road,2,0
910,Patancheru,2,0
1005,Karimnagar,2,0
1150,Bagh Amberpet,2,1
1002,Miyapur,2,0
1013,Miyapur,2,0
1005,Miyapur,2,0
1007,Miyapur,2,0
1012,Miyapur,2,0
1010,Adibatla,2,0
1010,Nagole,2,0
1400,Nagole,3,0
1665,Kollur Road,3,0
1002,Medchal,2,0
1050,Adibatla,2,0
1350,Sun City Padmasri Estates,3,0
2200,Chaitanyapuri,3,1
2000,Chaitanyapuri,3,1
1600,Chaitanyapuri,3,1
1691,Chaitanyapuri,3,1
1500,Chaitanyapuri,3,1
1175,Pragathi Nagar Kukatpally,2,0
1600,Chandanagar,3,0
1150,Chandanagar,2,0
1230,Kukatpally,2,0
1090,Kukatpally,2,0
1190,Miyapur,2,0
1920,Miyapur,3,0
1905,Miyapur,3,0
1295,Kondapur,2,0
3380,Kokapet,4,1
3615,Somajiguda,4,0
2600,Nandagiri Hills,3,1
2100,Whitefield,3,0
3025,Film Nagar,3,0
2600,Nandagiri Hills,3,0
3590,Sri Nagar Colony,3,0
3590,Sri Nagar Colony,3,0
3875,Somajiguda,3,0
4290,Somajiguda,3,0
1765,Balanagar,3,0
1940,Balanagar,3,0
2445,Jubilee Hills,3,0
1830,Kokapet,3,1
1125,Kismatpur,4,1
1300,Patancheru,3,0
910,Patancheru,2,0
1550,Pati,3,0
1650,Patancheru,3,0
1650,Patancheru,3,0
1475,Pati,3,0
1475,Pati,3,0
1500,Patancheru,2,0
1550,Pati,3,0
1400,Pati,3,0
1350,Patancheru,2,0
1475,Pati,3,0
1650,Pati,3,0
1375,Patancheru,2,0
1475,Pati,3,0
1000,Dr A S Rao Nagar Rd,2,0
1950,Tellapur,3,1
1050,Dullapally,2,0
1535,Kondapur,3,0
1550,KPHB,3,0
1510,Vivekananda Nagar Colony,3,0
920,Boduppal,3,1
1742,Gachibowli,3,1
3765,Banjara Hills,4,1
2750,Gachibowli,3,1
1160,Ameenpur,2,0
2450,Manikonda,4,0
4700,Jubilee Hills,4,0
1100,LB Nagar,2,0
1250,financial District,2,0
1250,Kollur Road,2,0
1200,Adibatla,2,0
1006,Miyapur,2,0
1200,Kollur Road,2,0
1250,Kollur Road,2,0
1250,Kollur Road,2,0
1205,Kollur Road,2,0
1206,Kollur Road,2,0
1208,Kollur,2,0
1202,Kollur Road,2,0
1203,Kollur Road,2,0
1104,Kondapur,2,0
1600,Kondapur,3,0
1242,Kollur Road,2,0
1210,Aminpur,2,1
1630,Dammaiguda,3,1
990,Dammaiguda,2,1
1450,Bachupally,3,0
1000,Chintradripet,2,0
950,Ring Road,2,1
1050,Hyder Nagar,2,0
1400,Saket,2,1
1050,Hyder Nagar,2,0
1200,Begumpet,2,1
4150,Kavuri Hills,4,0
1500,Sun City,5,1
1530,Madhapur,3,1
1250,Ashok Nagar,3,0
1296,manneguda,2,1
998,Shaikpet,2,1
1850,Moti Nagar,4,0
1115,Miyapur,2,0
2630,Hitech City,3,1
500,Sanath Nagar,2,1
1085,Hafeezpet,2,0
1325,Gachibowli,2,0
1200,Kollur Road,2,0
1201,Kollur Road,2,0
1260,Kollur Road,2,0
1103,Kondapur,2,0
1106,Kondapur,2,0
1000,Adibatla,2,0
1360,Kukatpally,2,0
1740,Kukatpally,3,0
920,Boduppal,3,1
1200,AS Rao Nagar,2,1
1440,AS Rao Nagar,3,1
1010,Sainikpuri,2,1
1080,Sainikpuri,2,1
1950,Kompally,3,0
1834,Manikonda,3,1
2200,Shaikpet,3,1
1133,Shaikpet,2,1
1650,Serilingampally,3,1
2600,Jubilee Hills,3,0
1100,Adibatla,2,0
1002,Adibatla,2,0
500,Kokapet,2,0
1000,Adibatla,2,0
1075,Usman Nagar,2,0
1100,new nallakunta,2,1
1120,Gachibowli,2,1
1200,Shadnagar,2,1
1200,Shadnagar,2,1
1120,Shadnagar,2,1
1295,Kondapur,2,0
1490,Kondapur,3,1
1270,Kokapet,2,0
1100,nizampet road,2,0
1134,Adibatla,2,1
1190,Bongloor,2,1
1050,Uppal,2,1
710,Adibatla,1,1
1390,Adibatla,3,1
1978,Uppal,3,1
1360,Mailardevpally,3,0
2000,Kukatpally,3,1
3537,Jubilee Hills,3,1
1100,Suchitra,2,0
1210,Uppalguda,2,0
1935,Narsingi,3,1
1080,Tirumalgiri,2,1
1200,Tirumalgiri,2,1
1905,Chikkadapally,3,0
1570,Begumpet,3,1
1570,Begumpet,3,1
1800,Gachibowli,3,1
1700,Gachibowli,3,1
1600,Narsingi,3,1
1655,Narsingi,3,1
1800,Manikonda,3,1
1300,Manikonda,2,1
1207,Kollur Road,2,0
3430,Hitech City,4,1
2160,Gachibowli,3,1
3430,Hitech City,3,1
3430,Hitech City,4,1
2655,Madhapur,3,1
861,Hyder Nagar,2,1
3152,Miyapur,4,0
1650,Serilingampally,3,1
1550,JNTU,3,0
1030,hyderabad,2,1
3550,Shamshabad,3,1
2983,Srisailam Highway,4,1
2225,Kondapur,3,1
4160,Shaikpet,4,1
1900,Domalguda,3,0
1105,Domalguda,2,0
1150,Lingampalli,2,0
1625,Residential Flat Machavaram,3,1
4600,Film Nagar,4,1
2120,Hitech City,3,1
2103,Kondapur,3,1
1760,Narsingi,3,1
1150,Allwyn Colony,2,0
1150,Lingampalli,2,0
1700,Jubilee Hills,3,0
2232,Kukatpally,3,1
1740,Kukatpally,3,0
1592,Kukatpally,3,0
1360,Kukatpally,2,0
1208,Kukatpally,2,0
1200,Bandlaguda Jagir,2,1
2160,Hitech City,3,1
1834,Manikonda,3,1
1650,Boduppal,3,0
1180,Whisper Valley,2,1
1200,Whisper Valley,2,1
1220,Whisper Valley,2,1
1180,Whisper Valley,2,1
1200,Whisper Valley,2,1
1140,Tukkuguda Airport View Point Road,2,1
1140,Tukkuguda Airport View Point Road,2,0
3975,Madhapur,5,0
2655,Madhapur,3,0
1160,Santoshnagar,3,1
1570,Tolichowki,2,1
1725,Begumpet,3,0
1725,Begumpet,3,1
1725,Begumpet,3,0
1725,Begumpet,3,1
1570,Begumpet,3,0
2644,Gachibowli,3,0
965,Uppal Kalan,2,0
1850,Manikonda,4,0
1000,Kokapet,2,0
1310,LB Nagar,3,0
2150,Domalguda Road,3,0
1150,Balanagar,2,0
1150,Gachibowli,2,0
1150,Kondapur,2,0
1150,Kukatpally,2,0
1150,KPHB,2,0
1945,Narsingi,3,1
1360,Kukatpally,2,1
1150,Balanagar,2,0
1150,Gachibowli,2,0
1150,Kondapur,2,0
1150,Kukatpally,2,0
1150,KPHB,2,0
1150,KPHB,2,0
1150,Nizampet,2,0
1150,Allwyn Colony,2,0
1150,Aminpur,2,0
1150,Bachupally,2,0
1150,Miyapur,2,0
1150,Chandanagar,2,0
1150,Patancheru,2,0
1150,Shankarpalli,2,0
1150,Mallampet,2,0
1269,Old Bowenpally,2,1
1200,Narsingi,2,0
1100,Narsingi,2,0
1150,Chandanagar,2,0
1150,Aminpur,2,0
1150,Miyapur,2,0
1150,Balanagar,2,0
1150,Gachibowli,2,0
1150,Hitech City,2,0
1150,Madhapur,2,0
1150,Kondapur,2,0
1150,KPHB,2,0
1200,Narsingi,2,0
1100,Narsingi,2,0
1600,Gopanpally,3,1
1510,Bolarum,3,0
1365,Bolarum,3,0
1691,Chaitanyapuri,3,0
1725,Begumpet,3,0
4070,Madhapur,4,1
3430,Madhapur,3,1
1100,Manikonda,2,0
1450,Tarnaka,3,1
3434,Gachibowli,4,1
1314,Manikonda,2,1
3474,Banjara Hills,4,0
4600,Jubilee Hills,4,1
1250,Kothapet,2,1
2100,Himayat Nagar,3,1
1150,Baghlingampally,2,1
4070,Madhapur,4,1
1695,Kukatpally,3,1
2460,Nanakramguda,3,1
2000,Kondapur,3,1
3695,Banjara Hills,4,1
2220,Nanakramguda,3,1
1822,Picket,3,1
1595,Sainikpuri,3,1
1535,East Marredpally,3,0
1665,Kollur,3,0
1278,Kukatpally,2,1
2600,Kukatpally,4,1
2500,Hitech City,3,0
1535,East Marredpally,3,0
2460,Nanakramguda,3,1
2270,Nanakramguda,3,0
1600,Nanakramguda,3,0
1000,Safilguda,2,1
1180,Nizampet,2,0
1100,Bachupally,2,1
3180,Gachibowli,3,1
1691,Chaitanyapuri,3,0
1691,Chaitanyapuri,3,1
1691,Chaitanyapuri,3,1
5440,Nanakramguda,4,1
2850,Jubilee Hills,3,0
3556,Banjara Hills,4,1
1300,Ashok Nagar,3,1
1050,Trimalgherry,2,1
2566,Manikonda,4,1
1100,Trimalgherry,2,1
1980,Sikh Village,3,1
1436,Old Bowenpally,3,1
4000,West Marredpally,4,1
1000,Neredmet,2,1
1050,Trimalgherry,2,1
2644,Gachibowli,3,0
2813,Kothaguda,3,0
2815,Kothaguda,3,0
1300,Macha Bolarum,2,1
4320,Gopanpally,4,0
1450,Kukatpally,3,0
1331,Alkapur township,2,1
2650,Kothaguda,3,1
1570,Begumpet,3,0
2160,Hitech City,3,1
1580,Hitech City,3,1
2160,Hitech City,3,1
970,Manikonda,2,1
800,Kachiguda,2,1
1358,Himayat Nagar,3,0
1145,Nizampet,2,0
2000,Domalguda,3,0
2075,East Marredpally,3,0
1600,Malkajgiri,3,0
1230,Kowkur,2,1
1060,East Marredpally,2,1
3325,Gachibowli,3,1
1822,West Marredpally,3,1
2115,West Marredpally,3,1
880,Safilguda,2,1
925,Malkajgiri,2,1
1554,Yapral,3,0
1000,Patancheru Shankarpalli Road,2,0
1650,Patancheru Shankarpalli Road,3,0
1475,Patancheru Shankarpalli Road,3,0
1450,Patancheru Shankarpalli Road,3,0
4730,Banjara Hills,4,1
1645,Uppalguda,3,1
1605,Uppalguda,3,1
1725,Begumpet,3,0
1525,Begumpet,3,0
1525,Begumpet,3,0
3883,Kothaguda,4,1
5440,Nanakramguda,4,1
3031,Hitech City,4,0
1860,Nallagandla Gachibowli,3,1
1875,Puppalaguda,3,0
2008,Gachibowli,3,0
1290,Gopanpally,2,1
2160,Hitech City,3,1
1000,Rakshapuram,3,1
1150,Bachupally,2,0
1170,Nizampet,2,0
4305,Madhapur,4,0
2800,Kondapur,3,0
1500,west venkatapuram,3,0
1620,Gajulramaram Kukatpally,3,0
1368,Gajulramaram Kukatpally,3,0
1090,Kukatpally,2,0
1230,Kukatpally,2,0
1435,Kukatpally,3,0
1115,Miyapur,2,0
1945,Miyapur,3,0
1616,Vidyanagar Adikmet,3,1
1100,Suchitra,2,0
1300,Miyapur,2,1
2690,Gachibowli,3,0
2750,Gachibowli,3,0
1834,Manikonda,3,1
1091,Puppalaguda,2,1
1500,Aushapur,3,1
1500,Aushapur,3,0
1834,Manikonda,3,1
1920,Miyapur,3,0
1425,Miyapur,2,0
1220,Nizampet,2,0
1615,Boduppal,3,0
1540,Barkatpura,3,1
1400,East Marredpally,2,1
1200,Suchitra,2,0
1425,Old Alwal,3,1
1580,Secunderabad Railway Station Road,2,1
1844,Nallagandla Gachibowli,3,0
2120,Nallagandla Gachibowli,3,0
1000,KPHB,2,0
965,KPHB,2,0
2500,Rajendra Nagar,4,1
1100,Balapur,2,1
875,Karmanghat,2,1
1610,Hastinapur,3,0
1420,new nallakunta,3,0
2460,Nanakramguda,3,1
3250,Hitech City,4,1
1100,Yapral,2,1
1100,Yapral,2,1
1735,Kokapet,3,1
1510,Puppalaguda,2,0
1320,Puppalaguda,2,0
2175,Puppalaguda,3,0
1980,Puppalaguda,3,0
1560,Puppalaguda,3,0
2000,Puppalaguda,3,0
2005,Puppalaguda,3,0
1340,Puppalaguda,2,0
1880,Puppalaguda,3,0
1415,Puppalaguda,2,0
2180,Puppalaguda,3,0
2190,Puppalaguda,3,0
1600,Puppalaguda,3,0
2260,Hitech City,3,0
2015,Hitech City,3,0
1250,Kollur Road,2,0
1001,Miyapur,2,0
1551,chandrayangutta,3,0
3000,Jubilee Hills,3,1
1245,Kollur Road,2,0
1100,Attapur,2,0
1725,Kompally,3,0
1435,Kukatpally,3,0
1090,Kukatpally,2,0
1230,Kukatpally,2,0
1200,Balaji Hills Colony Venkatraya Nagar,2,0
1150,Nizampet,2,0
1600,Chandanagar,3,0
1250,Chandanagar,2,0
1905,Miyapur,3,0
1925,Miyapur,3,0
2300,Manikonda,4,1
1045,Chandanagar,2,0
3190,Madhapur,3,1
1800,Beeramguda,2,0
1665,Kollur Road,3,0
2000,Beeramguda,3,0
1005,Beeramguda,3,0
1007,Beeramguda,2,0
1001,Beeramguda,2,0
1002,Beeramguda,2,0
1655,Kollur Road,3,0
1650,Kollur Road,3,0
1742,Nallagandla Gachibowli,3,0
2010,Nallagandla Gachibowli,3,0
2380,Nallagandla Gachibowli,3,0
1045,Dilsukh Nagar,2,1
1630,Kondapur,3,0
1885,Kondapur,3,0
1165,Kondapur,2,0
4320,Gachibowli,5,1
1900,Kondapur,3,0
3600,Toli Chowki,4,1
1700,Nizampet,2,1
1060,LB Nagar,2,0
1100,Qutub Shahi Tombs,2,1
1450,Masab Tank,3,0
4000,Himayat Nagar,5,1
1460,Narsingi,2,0
1093,Pragathi Nagar Kukatpally,2,0
1000,Adibatla,2,0
1080,Janachaitanya Colony,2,1
2220,Nanakramguda,3,1
1250,Gurramguda,2,0
1945,Gachibowli,3,0
2815,Kondapur,3,0
1945,Gachibowli,3,0
2220,Nanakramguda,3,1
2225,Kondapur,3,1
1880,Kondapur,3,1
1146,Bachupally,2,0
2460,Manikonda,3,0
1600,Nanakramguda,3,0
1245,Nanakramguda,2,1
3405,Madhapur,3,1
1860,Nallagandla Gachibowli,3,0
2585,Bagh Amberpet,3,0
1197,Kapra,2,1
1485,Tilak Nagar,3,0
1250,Nallakunta,3,1
1550,Nallakunta,3,1
1250,Nallakunta,3,1
1887,Paradise Circle,2,1
1400,Nacharam,3,1
1050,Nacharam,2,0
1860,Nacharam,4,1
1200,Tarnaka,2,1
1100,Nacharam,2,1
1050,Nacharam,2,0
1050,Nacharam,1,1
1000,Nacharam,2,1
1800,Habsiguda,2,0
961,Nacharam,2,1
1650,Habsiguda,2,0
1550,Habsiguda,2,0
1260,Nacharam,1,1
950,Nacharam,1,1
1060,Uppal,2,1
1000,Nacharam,1,1
1460,Nacharam,2,1
1314,Manikonda,2,1
2625,Madhapur,3,1
2050,Hitech City,3,0
1805,Narsingi,3,0
